Preset,Variant,Sharpe,CAGR %,MaxDD %,Final/invested,Avg cash %,Weeks R=0 %,dSharpe,CI low,CI high,boot p
"A (lockout>=75, x1.5)",Regular DCA,0.802,13.99,-31.83,3.557,0.0,0.0,0.0,,,
"A (lockout>=75, x1.5)",Lockout only,0.783,12.68,-28.9,3.203,9.4,10.8,-0.0192,-0.0436,-0.0016,0.071
"A (lockout>=75, x1.5)",Full strategy,0.793,13.72,-31.58,3.512,1.9,10.8,-0.0089,-0.0228,0.0044,0.186
"A (lockout>=75, x1.5)",Full - Panic Buy,0.789,13.56,-31.52,3.482,2.8,10.8,-0.0136,-0.0297,0.0011,0.079
"A (lockout>=75, x1.5)",Full - Boost Recovery,0.792,13.68,-31.58,3.506,2.1,10.8,-0.0102,-0.0245,0.0035,0.144
"A (lockout>=75, x1.5)",Full - Fear weighting,0.786,13.24,-30.55,3.382,5.3,10.8,-0.0158,-0.0339,-0.0002,0.064
"A (lockout>=75, x1.5)",Full - Lockout,0.802,13.99,-31.83,3.557,0.0,0.0,0.0,0.0,0.0,1.0
"B (lockout>=75, x2.0)",Regular DCA,0.802,13.99,-31.83,3.557,0.0,0.0,0.0,,,
"B (lockout>=75, x2.0)",Lockout only,0.783,12.68,-28.9,3.203,9.4,10.8,-0.0192,-0.0436,-0.0016,0.071
"B (lockout>=75, x2.0)",Full strategy,0.798,13.85,-31.64,3.533,1.3,10.8,-0.0038,-0.0156,0.0086,0.507
"B (lockout>=75, x2.0)",Full - Panic Buy,0.789,13.6,-31.52,3.489,2.5,10.8,-0.0129,-0.0285,0.0014,0.085
"B (lockout>=75, x2.0)",Full - Boost Recovery,0.796,13.8,-31.64,3.525,1.5,10.8,-0.0058,-0.0182,0.0071,0.339
"B (lockout>=75, x2.0)",Full - Fear weighting,0.789,13.59,-31.54,3.487,2.7,10.8,-0.0132,-0.0294,0.002,0.092
"B (lockout>=75, x2.0)",Full - Lockout,0.802,13.99,-31.83,3.557,0.0,0.0,0.0,0.0,0.0,1.0
"C (lockout>=65, x1.5)",Regular DCA,0.802,13.99,-31.83,3.557,0.0,0.0,0.0,,,
"C (lockout>=65, x1.5)",Lockout only,0.77,11.52,-25.9,2.898,18.0,24.6,-0.0325,-0.0763,-0.0001,0.093
"C (lockout>=65, x1.5)",Full strategy,0.78,13.21,-30.96,3.409,5.4,24.6,-0.0217,-0.0466,0.0031,0.084
"C (lockout>=65, x1.5)",Full - Panic Buy,0.777,12.56,-28.95,3.204,10.1,24.6,-0.0252,-0.0532,-0.0011,0.057
"C (lockout>=65, x1.5)",Full - Boost Recovery,0.78,13.1,-30.64,3.377,6.2,24.6,-0.0219,-0.047,0.0028,0.082
"C (lockout>=65, x1.5)",Full - Fear weighting,0.774,12.15,-27.78,3.08,13.3,24.6,-0.0282,-0.0618,-0.001,0.07
"C (lockout>=65, x1.5)",Full - Lockout,0.802,13.99,-31.83,3.557,0.0,0.0,0.0,0.0,0.0,1.0
